age,sex,bmi,children,smoker,charges
45,female,27.83,2,no,8515.7587
24,male,32.7,0,yes,34472.841
34,female,29.26,3,no,6184.2994
64,male,34.5,0,no,13822.803
27,female,24.1,0,no,2974.126
21,female,39.49,0,no,2026.9741
35,male,27.1,1,no,4746.344
25,male,24.985,2,no,23241.47453
40,female,29.3,4,no,15828.82173
54,male,40.565,3,yes,48549.17835
19,female,28.4,1,no,2331.519
49,female,41.47,4,no,10977.2063
44,female,43.89,2,yes,46200.9851
38,female,19.475,2,no,6933.24225
26,male,17.67,0,no,2680.9493
19,female,18.6,0,no,1728.897
59,male,27.5,1,no,12333.828
30,female,43.12,2,no,4753.6368
53,female,26.6,0,no,10355.641
21,female,22.135,0,no,2585.85065
57,male,42.13,1,yes,48675.5177
39,female,34.32,5,no,8596.8278
19,male,22.61,0,no,1628.4709
52,male,36.765,2,no,26467.09737
36,male,34.43,2,no,5584.3057
28,male,24.3,5,no,5615.369
34,male,27.0,2,no,11737.84884
26,male,27.06,0,yes,17043.3414
50,female,33.7,4,no,11299.343
60,male,39.9,0,yes,48173.361
50,male,31.825,0,yes,41097.16175
23,male,32.7,3,no,3591.48
41,female,31.02,0,no,6185.3208
30,female,28.38,1,yes,19521.9682
30,male,31.4,1,no,3659.346
60,male,25.74,0,no,12142.5786
20,male,32.395,1,no,2362.22905
34,female,38.0,3,no,6196.448
18,male,22.99,0,no,1704.5681
27,female,30.59,1,no,16796.41194
51,female,37.73,1,no,9877.6077
18,male,34.43,0,no,1137.4697
51,male,37.0,0,no,8798.593
37,male,28.025,2,no,6203.90175
36,male,33.4,2,yes,38415.474
46,male,24.795,3,no,9500.57305
48,male,34.3,3,no,9563.029
57,female,22.23,0,no,12029.2867
57,male,23.7,0,no,10959.33
29,female,20.235,2,no,4906.40965
50,female,26.22,2,no,10493.9458
50,female,23.54,2,no,10107.2206
33,female,39.82,1,no,4795.6568
64,female,30.115,3,no,16455.70785
62,male,32.11,0,no,13555.0049
64,female,39.33,0,no,14901.5167
57,male,28.1,0,no,10965.446
18,male,23.75,0,no,1705.6245
34,male,35.815,0,no,4320.41085
56,female,28.31,0,no,11657.7189
42,male,26.9,0,no,5969.723
62,female,31.73,0,no,14043.4767
38,female,37.73,0,no,5397.6167
27,male,23.1,0,no,2483.736
51,female,36.67,2,no,10848.1343
45,female,35.815,0,no,7731.85785
62,male,32.015,0,yes,45710.20785
41,female,32.6,3,no,7954.517
18,male,37.29,0,no,1141.4451
23,female,39.27,2,no,3500.6123
40,male,29.355,1,no,6393.60345
42,female,29.0,1,no,7050.642
35,male,34.32,3,no,5934.3798
47,female,24.1,1,no,26236.57997
20,female,37.0,5,no,4830.63
56,male,40.3,0,no,10602.385
18,female,30.115,0,no,21344.8467
18,female,37.29,1,no,2219.4451
26,male,35.42,0,no,2322.6218
46,male,19.855,0,no,7526.70645
59,female,27.72,3,no,14001.1338
29,male,32.11,2,no,4433.9159
23,female,31.4,0,yes,34166.273
45,male,39.805,0,no,7448.40395
42,female,26.18,1,no,7046.7222
47,male,29.83,3,no,9620.3307
41,female,32.2,1,no,6775.961
24,female,30.1,3,no,4234.927
50,female,44.745,0,no,9541.69555
58,female,29.0,0,no,11842.442
34,female,27.72,0,no,4415.1588
19,male,27.265,2,no,22493.65964
42,female,29.48,2,no,7640.3092
52,female,46.75,5,no,12592.5345
55,male,33.0,0,no,20781.48892
24,female,30.21,3,no,4618.0799
53,female,24.795,1,no,10942.13205
52,female,24.13,1,yes,23887.6627
23,female,34.865,0,no,2899.48935
63,male,39.8,3,no,15170.069
41,female,37.1,2,no,7371.772
39,female,34.1,3,no,7418.522
18,female,38.28,0,no,14133.03775
18,female,38.28,0,no,1631.8212
20,female,26.84,1,yes,17085.2676
30,female,27.93,0,no,4137.5227
27,male,26.03,0,no,3070.8087
18,male,23.32,1,no,1711.0268
36,male,28.88,3,no,6748.5912
48,male,36.67,1,no,28468.91901
61,male,32.3,2,no,14119.62
56,female,25.3,0,no,11070.535
32,male,28.93,1,yes,19719.6947
63,male,28.31,0,no,13770.0979
61,male,43.4,0,no,12574.049
24,female,23.21,0,no,25081.76784
23,male,18.715,0,no,21595.38229
54,male,25.46,1,no,25517.11363
59,male,29.7,2,no,12925.886
42,female,36.195,1,no,7443.64305
19,male,19.8,0,no,1241.565
22,male,31.35,1,no,2643.2685
20,female,33.0,0,no,1880.07
50,male,26.41,0,no,8827.2099
46,female,32.3,2,no,9411.005
40,female,28.69,3,no,8059.6791
28,female,34.77,0,no,3556.9223
49,female,27.1,1,no,26140.3603
53,male,41.47,0,no,9504.3103
27,male,31.13,1,yes,34806.4677
26,male,23.7,2,no,3484.331
43,male,20.13,2,yes,18767.7377
52,female,18.335,0,no,9991.03765
54,male,30.8,1,yes,41999.52
18,female,35.625,0,no,2211.13075
62,female,26.29,0,yes,27808.7251
29,male,38.94,1,no,3471.4096
26,male,46.53,1,no,2927.0647
42,male,26.125,2,no,7729.64575
28,male,23.8,2,no,3847.674
45,female,31.79,0,no,17929.30337
19,female,30.495,0,no,2128.43105
43,female,34.4,3,no,8522.003
63,female,32.2,2,yes,47305.305
19,male,30.59,0,no,1639.5631
60,male,36.955,0,no,12741.16745
24,female,29.925,0,no,2850.68375
48,male,30.2,2,no,8968.33
60,female,24.53,0,no,12629.8967
32,male,37.335,1,no,4667.60765
30,male,44.22,2,no,4266.1658
18,female,42.24,0,yes,38792.6856
45,male,30.495,2,no,8413.46305
47,male,32.3,1,no,8062.764
26,male,32.49,1,no,3490.5491
64,male,23.76,0,yes,26926.5144
24,male,40.15,0,yes,38126.2465
44,female,25.0,1,no,7623.518
32,male,30.8,3,no,5253.524
61,female,29.07,0,yes,29141.3603
47,female,27.83,0,yes,23065.4207
29,female,32.11,2,no,4922.9159
19,female,28.6,5,no,4687.797
42,male,34.1,0,no,5979.731
21,female,35.72,0,no,2404.7338
56,male,33.63,0,yes,43921.1837
29,male,27.2,0,no,2866.091
39,female,32.5,1,no,6238.298
39,male,26.41,0,yes,20149.3229
32,male,28.88,0,no,3866.8552
56,male,32.11,1,no,11763.0009
63,female,35.2,1,no,14474.675
52,female,30.875,0,no,23045.56616
23,male,26.51,0,no,1815.8759
61,female,25.08,0,no,24513.09126
35,female,31.0,1,no,5240.765
37,male,24.32,2,no,6198.7518
25,female,22.515,1,no,3594.17085
27,female,34.8,1,no,3577.999
18,female,29.165,0,no,7323.734819
54,female,47.41,0,yes,63770.42801
27,male,32.67,0,no,2497.0383
33,female,22.135,1,no,5354.07465
56,female,28.595,0,no,11658.11505
43,male,27.36,3,no,8606.2174
37,male,36.19,0,no,19214.70553
37,female,17.29,2,no,6877.9801
42,female,32.87,0,no,7050.0213
40,male,34.105,1,no,6600.20595
60,male,29.64,0,no,12730.9996
60,male,40.92,0,yes,48673.5588
23,female,28.49,1,yes,18328.2381
23,female,36.67,2,yes,38511.6283
24,female,26.6,0,no,3046.062
32,female,29.8,2,no,5152.134
50,female,28.16,3,no,10702.6424
26,female,29.92,2,no,3981.9768
35,female,26.125,0,no,5227.98875
37,female,27.74,3,no,7281.5056
59,male,24.7,0,no,12323.936
23,female,28.12,0,no,2690.1138
22,male,28.88,0,no,2250.8352
33,male,27.1,1,yes,19040.876
54,female,32.68,0,no,10923.9332
64,female,39.7,0,no,14319.031
57,female,31.825,0,no,11842.62375
50,male,44.77,1,no,9058.7303
19,male,31.92,0,yes,33750.2918
55,female,29.83,0,no,11286.5387
59,male,25.46,0,no,12124.9924
42,female,41.325,1,no,7650.77375
18,female,36.85,0,no,1629.8335
58,female,32.965,0,no,12430.95335
24,male,33.63,4,no,17128.42608
23,male,31.73,3,yes,36189.1017
28,female,25.935,1,no,4133.64165
30,male,37.43,3,no,5428.7277
43,female,24.7,2,yes,21880.82
18,male,27.36,1,yes,17178.6824
64,female,35.97,0,no,14313.8463
22,male,19.95,3,no,4005.4225
19,male,20.425,0,no,1625.43375
32,female,28.93,0,no,3972.9247
31,female,25.74,0,no,3756.6216
45,male,30.36,0,yes,62592.87309
24,male,26.79,1,no,12609.88702
38,female,30.69,1,no,5976.8311
64,male,25.6,2,no,14988.432
55,male,32.775,0,no,10601.63225
44,male,29.735,2,no,32108.66282
30,male,27.645,1,no,4237.12655
26,male,30.875,2,no,3877.30425
34,male,32.8,1,no,14358.36437
53,female,39.6,1,no,10579.711
52,male,34.485,3,yes,60021.39897
20,male,35.625,3,yes,37465.34375
50,male,25.3,0,no,8442.667
38,female,40.565,1,no,6373.55735
48,female,27.93,4,no,11015.1747
64,female,33.8,1,yes,47928.03
25,male,24.13,0,yes,15817.9857
34,female,26.73,1,no,5002.7827
44,female,27.5,1,no,7626.993
37,male,37.07,1,yes,39871.7043
39,female,18.3,5,yes,19023.26
31,male,28.595,1,no,4243.59005
21,male,25.7,4,yes,17942.106
48,female,25.85,3,yes,24180.9335
46,male,22.3,0,no,7147.105
33,female,42.94,3,no,6360.9936
44,male,22.135,2,no,8302.53565
45,female,25.175,2,no,9095.06825
40,male,22.705,2,no,7173.35995
19,female,32.49,0,yes,36898.73308
59,female,32.1,3,no,14007.222
19,female,24.7,0,no,1737.376
24,male,29.83,0,yes,18648.4217
63,male,31.445,0,no,13974.45555
55,female,37.1,0,no,10713.644
39,female,22.8,3,no,7985.815
58,male,25.175,0,no,11931.12525
47,male,36.19,0,yes,41676.0811
54,female,23.0,3,no,12094.478
36,male,29.7,0,no,4399.731
19,male,29.07,0,yes,17352.6803
19,female,28.9,0,no,1743.214
39,male,34.1,2,no,23563.01618
32,male,30.03,1,no,4074.4537
43,female,20.045,2,yes,19798.05455
45,female,28.6,2,no,8516.829
31,male,29.81,0,yes,19350.3689
32,female,20.52,0,no,4544.2348
27,male,30.3,3,no,4260.744
34,female,26.41,1,no,5385.3379
22,female,23.18,0,no,2731.9122
22,female,21.28,3,no,4296.2712
48,female,36.575,0,no,8671.19125
41,female,31.6,0,no,6186.127
45,male,27.5,3,no,8615.3
40,male,30.875,4,no,8162.71625
59,male,29.83,3,yes,30184.9367
19,male,35.53,0,no,1646.4297
25,female,26.79,2,no,4189.1131
41,male,29.64,5,no,9222.4026
25,male,35.625,0,no,2534.39375
46,female,19.95,2,no,9193.8385
34,male,22.42,2,no,27375.90478
49,female,42.68,2,no,9800.8882
23,male,41.91,0,no,1837.2819
63,male,35.09,0,yes,47055.5321
42,male,26.07,1,yes,38245.59327
44,male,34.32,1,no,7147.4728
44,male,25.365,1,no,7518.02535
42,male,30.0,0,yes,22144.032
49,male,29.83,1,no,9288.0267
40,female,33.0,3,no,7682.67
51,female,34.96,2,yes,44641.1974
41,male,37.05,2,no,7265.7025
36,female,26.885,0,no,5267.81815
33,male,24.795,0,yes,17904.52705
43,female,26.885,0,yes,21774.32215
18,male,23.21,0,no,1121.8739
24,male,29.3,0,no,1977.815
47,male,29.8,3,yes,25309.489
54,male,30.02,0,no,24476.47851
26,female,29.48,1,no,3392.3652
28,female,33.4,0,no,3172.018
34,male,34.21,0,no,3935.1799
22,female,28.05,0,no,2155.6815
37,female,23.37,2,no,6686.4313
36,female,19.855,0,no,5458.04645
34,male,34.675,0,no,4518.82625
36,male,27.55,3,no,6746.7425
29,male,34.4,0,yes,36197.699
27,female,24.75,0,yes,16577.7795
50,male,32.11,2,no,25333.33284
53,male,24.32,0,no,9863.4718
29,female,24.6,2,no,4529.477
26,female,17.195,2,yes,14455.64405
44,male,37.1,2,no,7740.337
25,male,26.8,3,no,3906.127
28,male,23.98,3,yes,17663.1442
18,male,28.31,1,no,11272.33139
27,male,18.905,3,no,4827.90495
38,female,30.21,3,no,7537.1639
54,female,31.9,3,no,27322.73386
47,female,26.6,2,no,9715.841
30,female,30.9,3,no,5325.651
47,female,23.6,1,no,8539.671
22,female,36.0,0,no,2166.732
34,female,31.92,1,yes,37701.8768
19,female,25.745,1,no,2710.82855
43,male,23.2,0,no,6250.435
51,male,25.4,0,no,8782.469
31,male,34.39,3,yes,38746.3551
27,male,42.13,0,yes,39611.7577
43,female,32.56,3,yes,40941.2854
23,male,27.36,1,no,2789.0574
19,female,22.515,0,no,2117.33885
36,male,31.5,0,no,4402.233
18,male,17.29,2,yes,12829.4551
32,female,41.1,0,no,3989.841
19,male,36.955,0,yes,36219.40545
33,female,36.29,3,no,6551.7501
26,male,30.0,1,no,2904.088
21,female,16.815,1,no,3167.45585
44,female,25.8,1,no,7624.63
63,male,30.8,0,no,13390.559
62,male,21.4,0,no,12957.118
28,female,33.0,2,no,4349.462
46,male,27.6,0,no,24603.04837
58,male,36.08,0,no,11363.2832
32,female,31.54,1,no,5148.5526
22,female,20.235,0,no,2527.81865
51,female,34.2,1,no,9872.701
53,male,30.495,0,no,10072.05505
61,male,33.535,0,no,13143.33665
63,female,31.8,0,no,13880.949
25,male,27.55,0,no,2523.1695
51,male,32.3,1,no,9964.06
31,male,38.39,2,no,4463.2051
19,female,29.8,0,no,1744.465
26,female,28.785,0,no,3385.39915
33,female,28.27,1,no,4779.6023
20,female,22.42,0,yes,14711.7438
35,male,27.61,1,no,4747.0529
40,female,22.22,2,yes,19444.2658
18,male,25.175,0,yes,15518.18025
44,male,30.69,2,no,7731.4271
47,female,33.345,0,no,20878.78443
22,female,30.4,0,no,2741.948
33,male,42.46,1,no,11326.71487
33,female,32.9,2,no,5375.038
25,male,25.74,0,no,2137.6536
60,female,36.005,0,no,13228.84695
21,male,22.3,1,no,2103.08
25,female,34.485,0,no,3021.80915
25,male,25.84,1,no,3309.7926
29,male,31.73,2,no,4433.3877
18,male,31.73,0,yes,33732.6867
23,female,32.78,2,yes,36021.0112
19,female,27.93,3,no,18838.70366
26,male,29.15,1,no,2902.9065
55,male,28.975,0,no,10796.35025
48,male,31.445,1,no,8964.06055
44,male,32.015,2,no,8116.26885
18,female,27.28,3,yes,18223.4512
50,male,32.205,0,no,8835.26495
19,female,20.6,0,no,1731.677
21,female,25.8,0,no,2007.945
43,female,25.08,0,no,7325.0482
58,male,34.39,0,no,11743.9341
59,male,26.4,0,no,11743.299
54,male,32.775,0,no,10435.06525
25,male,45.54,2,yes,42112.2356
51,male,27.74,1,no,9957.7216
36,male,28.025,1,yes,20773.62775
40,male,32.3,2,no,6986.697
64,female,31.825,2,no,16069.08475
21,male,31.255,0,no,1909.52745
25,male,23.9,5,no,5080.096
57,male,27.94,1,no,11554.2236
50,male,34.2,2,yes,42856.838
39,male,45.43,2,no,6356.2707
21,female,33.63,2,no,3579.8287
18,female,31.35,4,no,4561.1885
55,male,37.715,3,no,30063.58055
29,female,27.94,1,yes,19107.7796
42,male,28.31,3,yes,32787.45859
36,male,35.2,1,yes,38709.176
41,female,31.635,1,no,7358.17565
22,male,39.5,0,no,1682.597
55,male,27.645,0,no,10594.50155
60,female,32.45,0,yes,45008.9555
26,male,20.8,0,no,2302.3
61,female,31.16,0,no,13429.0354
33,female,26.695,0,no,4571.41305
23,female,24.225,2,no,22395.74424
52,male,26.4,3,no,25992.82104
38,male,21.12,3,no,6652.5288
44,male,27.4,2,no,7726.854
26,female,42.4,1,no,3410.324
22,male,26.84,0,no,1664.9996
22,male,28.31,1,no,2639.0429
48,male,37.29,2,no,8978.1851
63,male,33.66,3,no,15161.5344
49,male,25.84,2,yes,23807.2406
48,male,40.565,2,yes,45702.02235
23,male,34.4,0,no,1826.843
18,female,40.28,0,no,2217.6012
24,male,35.86,0,no,1986.9334
53,male,26.41,2,no,11244.3769
20,female,31.79,2,no,3056.3881
47,male,36.2,1,no,8068.185
47,male,47.52,1,no,8083.9198
38,male,29.26,2,no,6457.8434
30,female,27.7,0,no,3554.203
18,male,31.68,2,yes,34303.1672
61,male,36.3,1,yes,47403.88
39,female,24.89,3,yes,21659.9301
57,female,25.74,2,no,12629.1656
51,male,39.7,1,no,9391.346
20,male,28.025,1,yes,17560.37975
61,male,35.86,0,yes,46599.1084
18,male,53.13,0,no,1163.4627
35,female,34.105,3,yes,39983.42595
56,female,41.91,0,no,11093.6229
44,male,30.2,2,yes,38998.546
18,female,31.13,0,no,1621.8827
37,female,30.78,0,yes,37270.1512
54,male,30.21,0,no,10231.4999
36,male,30.875,1,no,5373.36425
23,female,28.31,0,yes,18033.9679
50,female,27.6,1,yes,24520.264
51,male,23.21,1,yes,22218.1149
48,male,29.6,0,no,21232.18226
48,female,41.23,4,no,11033.6617
32,female,33.155,3,no,6128.79745
18,male,34.1,0,no,1137.011
20,female,29.6,0,no,1875.344
21,male,31.02,0,no,16586.49771
25,male,26.22,0,no,2721.3208
42,male,35.97,2,no,7160.3303
64,female,22.99,0,yes,27037.9141
48,male,29.7,0,no,7789.635
58,female,33.44,0,no,12231.6136
52,male,33.25,0,no,9722.7695
59,female,36.765,1,yes,47896.79135
25,female,32.23,1,no,18218.16139
45,male,28.7,2,no,8027.968
30,female,39.05,3,yes,40932.4295
54,male,29.2,1,no,10436.096
21,male,35.53,0,no,1532.4697
20,female,28.785,0,no,2457.21115
45,male,21.375,0,no,7222.78625
25,female,42.13,1,no,3238.4357
53,male,36.1,1,no,10085.846
60,female,24.035,0,no,13012.20865
58,male,35.7,0,no,11362.755
18,female,30.115,0,no,2203.47185
19,male,30.59,0,no,1639.5631
58,male,32.01,1,no,11946.6259
53,female,23.75,2,no,11729.6795
30,female,19.95,3,no,5693.4305
24,female,22.6,0,no,2457.502
42,male,35.8,2,no,7160.094
36,female,27.74,0,no,5469.0066
58,female,41.91,0,no,24227.33724
36,female,29.92,1,no,5478.0368
27,female,31.255,1,no,3956.07145
24,female,25.27,0,no,3044.2133
30,male,25.46,0,no,3645.0894
59,female,26.505,0,no,12815.44495
57,female,28.7,0,no,11455.28
52,female,24.86,0,no,27117.99378
19,female,28.3,0,yes,17081.08
61,female,39.1,2,no,14235.072
25,female,41.325,0,no,17878.90068
38,male,28.27,1,no,5484.4673
29,male,29.64,1,no,20277.80751
59,female,35.2,0,no,12244.531
47,female,45.32,1,no,8569.8618
31,female,26.62,0,no,3757.8448
21,male,25.745,2,no,3279.86855
41,female,21.755,1,no,13725.47184
29,female,25.6,4,no,5708.867
19,male,34.1,0,no,1261.442
44,female,36.955,1,no,8023.13545
62,male,26.695,0,yes,28101.33305
26,female,22.23,0,no,3176.2877
61,male,23.655,0,no,13129.60345
25,male,30.59,0,no,2727.3951
19,male,17.48,0,no,1621.3402
39,male,29.925,1,yes,22462.04375
21,male,23.75,2,no,3077.0955
31,female,29.1,0,no,3761.292
60,male,33.11,3,no,13919.8229
33,female,18.5,1,no,4766.022
61,female,36.385,1,yes,48517.56315
41,male,33.55,0,no,5699.8375
24,female,27.6,0,no,18955.22017
64,female,32.965,0,no,14692.66935
38,female,19.95,2,no,7133.9025
49,male,28.7,1,no,8703.456
50,male,37.07,1,no,9048.0273
56,female,37.51,2,no,12265.5069
36,female,26.2,0,no,4883.866
45,male,22.895,0,yes,35069.37452
24,female,20.52,0,yes,14571.8908
19,male,27.835,0,no,1635.73365
32,female,17.765,2,yes,32734.1863
34,female,33.7,1,no,5012.471
45,female,25.7,3,no,9101.798
49,female,30.78,1,no,9778.3472
52,male,47.74,1,no,9748.9106
39,male,26.22,1,no,6123.5688
48,female,32.23,1,no,8871.1517
19,male,44.88,0,yes,39722.7462
18,female,33.155,0,no,2207.69745
18,female,39.82,0,no,1633.9618
21,male,20.235,3,no,3861.20965
40,male,32.775,1,yes,39125.33225
19,male,30.25,0,yes,32548.3405
34,male,21.375,0,no,4500.33925
44,male,38.06,1,no,7152.6714
34,female,37.335,2,no,5989.52365
46,female,30.8,3,no,9414.92
46,female,33.44,1,no,8240.5896
51,female,34.1,0,no,9283.562
30,male,35.3,0,yes,36837.467
59,male,37.1,1,no,12347.172
39,male,32.34,2,no,6338.0756
52,female,23.18,0,no,10197.7722
64,male,26.41,0,no,14394.5579
40,male,25.08,0,no,5415.6612
42,female,24.985,2,no,8017.06115
40,male,35.3,3,no,7196.867
23,female,42.75,1,yes,40904.1995
55,male,29.9,0,no,10214.636
19,male,30.4,0,no,1256.299
53,female,38.06,3,no,20462.99766
61,male,36.1,3,no,27941.28758
49,male,25.84,1,no,9282.4806
37,male,29.8,0,no,20420.60465
22,male,33.77,0,no,1674.6323
32,male,31.5,1,no,4076.497
50,male,30.97,3,no,10600.5483
57,female,20.1,1,no,12032.326
63,female,26.22,0,no,14256.1928
49,female,33.345,2,no,10370.91255
35,male,17.86,1,no,5116.5004
32,male,35.2,2,no,4670.64
27,female,17.955,2,yes,15006.57945
23,male,35.2,1,no,2416.955
48,male,30.78,3,no,10141.1362
52,female,30.78,1,no,10797.3362
42,female,40.37,2,yes,43896.3763
55,male,37.3,0,no,20630.28351
40,female,29.6,0,no,5910.944
57,male,43.7,1,no,11576.13
18,male,15.96,0,no,1694.7964
25,male,29.7,3,yes,19933.458
44,female,32.34,1,no,7633.7206
47,female,26.125,1,yes,23401.30575
49,male,30.3,0,no,8116.68
19,male,35.4,0,no,1263.249
35,male,34.77,2,no,5729.0053
47,female,29.37,1,no,8547.6913
19,male,34.9,0,yes,34828.654
63,male,21.66,1,no,14349.8544
39,female,23.87,5,no,8582.3023
40,female,32.775,2,yes,40003.33225
37,female,34.105,1,no,6112.35295
18,female,31.92,0,no,2205.9808
19,male,27.6,0,no,1252.407
25,female,30.2,0,yes,33900.653
27,female,32.395,1,no,18903.49141
31,male,39.49,1,no,3875.7341
18,female,28.215,0,no,2200.83085
28,female,17.29,0,no,3732.6251
52,female,44.7,3,no,11411.685
30,female,22.895,1,no,4719.52405
24,male,23.4,0,no,1969.614
56,female,35.8,1,no,11674.13
53,female,36.86,3,yes,46661.4424
49,male,35.86,0,no,8124.4084
30,female,32.4,1,no,4149.736
41,male,35.75,1,yes,40273.6455
57,female,31.16,0,yes,43578.9394
33,female,24.31,0,no,4185.0979
37,male,22.705,3,no,6985.50695
19,female,28.88,0,yes,17748.5062
34,male,27.835,1,yes,20009.63365
46,male,33.44,1,no,8334.5896
35,female,23.465,2,no,6402.29135
27,male,33.155,2,no,4058.71245
19,male,26.03,1,yes,16450.8947
57,male,28.975,0,yes,27218.43725
41,female,36.08,1,no,6781.3542
62,female,25.0,0,no,13451.122
54,female,35.815,3,no,12495.29085
56,female,32.3,3,no,13430.265
19,female,40.5,0,no,1759.338
33,male,27.455,2,no,5261.46945
61,female,29.92,3,yes,30942.1918
45,female,39.995,3,no,9704.66805
19,female,35.15,0,no,2134.9015
64,female,31.3,2,yes,47291.055
41,female,33.155,3,no,8538.28845
24,male,28.5,0,yes,35147.52848
37,male,30.875,3,no,6796.86325
26,female,29.355,2,no,4564.19145
52,male,32.205,3,no,11488.31695
25,female,33.99,1,no,3227.1211
56,male,33.725,0,no,10976.24575
55,female,30.5,0,no,10704.47
37,female,29.5,2,no,6311.952
56,female,27.2,0,no,11073.176
58,female,25.2,0,no,11837.16
24,male,28.5,2,no,3537.703
20,male,27.3,0,yes,16232.847
61,female,33.33,4,no,36580.28216
29,female,31.16,0,no,3943.5954
37,female,38.39,0,yes,40419.0191
28,male,22.515,2,no,4428.88785
32,female,37.145,3,no,6334.34355
62,female,39.16,0,no,13470.8044
19,female,23.4,2,no,2913.569
53,male,29.48,0,no,9487.6442
19,male,21.755,0,no,1627.28245
49,male,32.3,3,no,10269.46
22,male,25.175,0,no,2045.68525
36,female,22.6,2,yes,18608.262
35,male,24.13,1,no,5125.2157
40,female,29.81,1,no,6500.2359
18,male,41.14,0,no,1146.7966
31,male,25.9,3,yes,19199.944
34,male,42.13,2,no,5124.1887
21,male,27.36,0,no,2104.1134
56,female,25.65,0,no,11454.0215
19,male,20.615,2,no,2803.69785
18,female,30.305,0,no,2203.73595
49,female,34.77,1,no,9583.8933
64,male,39.16,1,no,14418.2804
19,female,27.9,0,yes,16884.924
55,female,32.775,2,no,12268.63225
33,female,19.095,2,yes,16776.30405
51,male,35.97,1,no,9386.1613
23,female,34.96,3,no,4466.6214
38,male,16.815,2,no,6640.54485
19,female,31.825,1,no,2719.27975
46,female,35.53,0,yes,42111.6647
47,female,33.915,3,no,10115.00885
37,male,29.64,0,no,5028.1466
60,female,25.84,0,no,28923.13692
41,male,21.78,1,no,6272.4772
63,female,27.74,0,yes,29523.1656
22,male,32.11,0,no,2055.3249
43,female,29.9,1,no,7337.748
40,female,36.19,0,no,5920.1041
30,female,28.405,1,no,4527.18295
62,male,38.83,0,no,12981.3457
31,male,20.4,0,no,3260.199
57,male,40.28,0,no,20709.02034
43,female,26.7,2,yes,22478.6
33,male,30.25,0,no,3704.3545
18,male,30.03,1,no,1720.3537
28,female,26.315,3,no,5312.16985
59,male,37.4,0,no,21797.0004
30,male,24.13,1,no,4032.2407
48,female,33.11,0,yes,40974.1649
22,male,31.73,0,no,2254.7967
48,female,28.9,0,no,8277.523
41,female,32.965,0,no,6571.02435
60,female,35.1,0,no,12644.589
56,male,19.95,0,yes,22412.6485
19,male,20.3,0,no,1242.26
22,male,37.62,1,yes,37165.1638
19,male,27.7,0,yes,16297.846
20,male,33.33,0,no,1391.5287
22,female,31.02,3,yes,35595.5898
26,male,33.915,1,no,3292.52985
51,female,38.06,0,yes,44400.4064
20,male,39.4,2,yes,38344.566
21,male,31.1,0,no,1526.312
58,male,30.305,0,no,11938.25595
31,male,25.935,1,no,4239.89265
37,female,34.8,2,yes,39836.519
45,female,33.1,0,no,7345.084
41,male,34.2,2,no,7261.741
18,male,26.125,0,no,1708.92575
56,male,22.1,0,no,10577.087
39,female,23.275,3,no,7986.47525
46,male,25.8,5,no,10096.97
55,male,30.685,0,yes,42303.69215
56,male,31.79,2,yes,43813.8661
18,female,40.26,0,no,1634.5734
39,male,42.655,0,no,5757.41345
19,female,30.59,2,no,24059.68019
54,male,34.21,2,yes,44260.7499
36,female,30.02,0,no,5272.1758
42,female,23.37,0,yes,19964.7463
56,female,26.6,1,no,12044.342
56,male,25.935,0,no,11165.41765
31,female,25.8,2,no,4934.705
54,female,32.3,1,no,11512.405
32,male,46.53,2,no,4686.3887
18,female,25.08,0,no,2196.4732
27,male,28.5,0,yes,18310.742
55,female,25.365,3,no,13047.33235
31,male,26.885,1,no,4441.21315
37,male,34.2,1,yes,39047.285
37,male,30.8,0,no,4646.759
54,female,31.9,1,no,10928.849
28,female,33.11,0,no,3171.6149
36,female,25.84,0,no,5266.3656
24,female,24.225,0,no,2842.76075
50,female,46.09,1,no,9549.5651
37,male,34.1,4,yes,40182.246
28,male,31.68,0,yes,34672.1472
43,male,35.97,3,yes,42124.5153
47,male,19.57,1,no,8428.0693
19,female,17.8,0,no,1727.785
63,male,41.47,0,no,13405.3903
18,female,38.17,0,no,1631.6683
30,male,38.83,1,no,18963.17192
27,male,33.66,0,no,2498.4144
64,male,38.19,0,no,14410.9321
59,female,32.395,3,no,14590.63205
38,male,28.025,1,no,6067.12675
34,female,30.21,1,yes,43943.8761
64,male,24.7,1,no,30166.61817
29,female,25.9,0,no,3353.284
63,male,36.765,0,no,13981.85035
18,male,25.46,0,no,1708.0014
58,female,27.17,0,no,12222.8983
45,male,24.035,2,no,8604.48365
55,female,26.8,1,no,35160.13457
51,female,18.05,0,no,9644.2525
54,female,24.605,3,no,12479.70895
28,female,25.8,0,no,3161.454
61,male,28.31,1,yes,28868.6639
60,male,32.8,0,yes,52590.82939
61,female,35.91,0,no,13635.6379
50,female,25.6,0,no,8932.084
32,female,24.6,0,yes,17496.306
49,female,31.9,5,no,11552.904
62,female,33.2,0,no,13462.52
18,female,21.66,0,yes,14283.4594
57,female,23.18,0,no,11830.6072
53,male,28.88,0,no,9869.8102
54,male,31.6,0,no,9850.432
64,male,37.905,0,no,14210.53595
31,male,30.875,0,no,3857.75925
34,male,30.8,0,yes,35491.64
39,male,35.3,2,yes,40103.89
56,male,36.1,3,no,12363.547
50,female,30.115,1,no,9910.35985
41,male,34.21,1,no,6289.7549
27,female,30.4,3,no,18804.7524
22,female,24.3,0,no,2150.469
24,male,32.01,0,no,1981.5819
62,male,30.875,3,yes,46718.16325
56,male,26.695,1,yes,26109.32905
56,female,39.82,0,no,11090.7178
19,male,25.555,0,no,1632.56445
46,female,48.07,2,no,9432.9253
29,male,22.895,0,yes,16138.76205
51,male,24.415,4,no,11520.09985
31,female,21.755,0,no,4134.08245
22,female,27.1,0,no,2154.361
58,male,34.865,0,no,11944.59435
27,female,36.08,0,yes,37133.8982
59,male,41.14,1,yes,48970.2476
20,female,30.59,0,no,2459.7201
63,female,23.085,0,no,14451.83515
23,male,24.51,0,no,2396.0959
48,female,27.265,1,no,9447.25035
51,male,42.9,2,yes,47462.894
18,male,28.5,0,no,1712.227
48,male,35.625,4,no,10736.87075
34,male,42.9,1,no,4536.259
43,female,34.58,1,no,7727.2532
25,female,23.465,0,no,3206.49135
30,female,23.655,3,yes,18765.87545
47,female,24.32,0,no,8534.6718
28,male,29.26,2,no,4438.2634
43,female,35.64,1,no,7345.7266
58,male,28.595,0,no,11735.87905
40,male,26.315,1,no,6389.37785
35,male,38.6,1,no,4762.329
56,female,33.82,2,no,12643.3778
40,female,27.4,1,no,6496.886
32,male,33.82,1,no,4462.7218
54,female,28.88,2,no,12096.6512
21,male,28.975,0,no,1906.35825
58,male,49.06,0,no,11381.3254
43,male,35.31,2,no,18806.14547
20,female,31.92,0,no,2261.5688
53,male,21.4,1,no,10065.413
59,female,27.5,0,no,12233.828
61,female,21.09,0,no,13415.0381
62,female,39.2,0,no,13470.86
27,female,31.4,0,yes,34838.873
34,female,19.0,3,no,6753.038
31,female,31.065,0,no,4347.02335
40,female,28.12,1,yes,22331.5668
47,male,28.215,3,yes,24915.22085
52,male,32.775,3,no,11289.10925
44,female,20.235,1,yes,19594.80965
41,male,23.94,1,no,6858.4796
64,male,36.96,2,yes,49577.6624
50,female,27.36,0,no,25656.57526
45,female,38.285,0,no,7935.29115
44,female,23.98,2,no,8211.1002
62,female,32.965,3,no,15612.19335
19,female,36.575,0,no,2136.88225
44,male,39.52,0,no,6948.7008
42,male,24.86,0,no,5966.8874
36,female,25.9,1,no,5472.449
29,male,33.345,2,no,19442.3535
63,female,36.3,0,no,13887.204
19,male,20.9,1,no,1832.094
18,female,26.73,0,no,1615.7667
59,female,31.35,0,no,12622.1795
30,female,21.945,1,no,4718.20355
27,male,32.585,3,no,4846.92015
49,female,29.925,0,no,8988.15875
50,male,25.365,2,no,30284.64294
36,female,22.135,3,no,7228.21565
20,male,27.93,0,no,1967.0227
29,male,28.975,1,no,4040.55825
49,male,25.6,2,yes,23306.547
60,female,38.06,0,no,12648.7034
43,male,34.96,1,yes,41034.2214
42,male,24.64,0,yes,19515.5416
34,female,27.5,1,no,5003.853
44,female,26.41,0,no,7419.4779
45,male,30.2,1,no,7441.053
19,male,20.7,0,no,1242.816
34,female,33.25,1,no,5594.8455
57,male,40.37,0,no,10982.5013
20,female,33.3,0,no,1880.487
41,male,30.59,2,no,7256.7231
46,male,43.89,3,no,8944.1151
58,male,23.3,0,no,11345.519
29,male,35.5,2,yes,44585.45587
41,male,28.8,1,no,6282.235
42,female,26.6,0,yes,21348.706
20,male,33.0,1,no,1980.07
52,male,30.2,1,no,9724.53
30,female,33.33,1,no,4151.0287
49,male,37.51,2,no,9304.7019
60,female,18.335,0,no,13204.28565
49,male,31.35,1,no,9290.1395
59,female,27.83,3,no,14001.2867
26,male,31.065,0,no,2699.56835
63,female,25.08,0,no,14254.6082
31,female,32.68,1,no,4738.2682
35,male,39.71,4,no,19496.71917
32,male,27.835,1,no,4454.40265
54,female,46.7,2,no,11538.421
45,female,35.3,0,no,7348.142
26,female,34.2,2,no,3987.926
31,female,23.6,2,no,4931.647
52,female,31.2,0,no,9625.92
57,male,34.01,0,no,11356.6609
38,female,27.835,2,no,7144.86265
46,female,28.9,2,no,8823.279
32,female,29.735,0,no,4357.04365
31,female,38.095,1,yes,58571.07448
45,male,33.7,1,no,7445.918
58,female,32.395,1,no,13019.16105
56,male,34.43,0,no,10594.2257
60,male,28.595,0,no,30259.99556
57,male,33.63,1,no,11945.1327
25,male,26.695,4,no,4877.98105
33,male,29.4,4,no,6059.173
32,male,28.12,4,yes,21472.4788
18,male,30.4,3,no,3481.868
50,male,36.2,0,no,8457.818
60,female,27.55,0,no,13217.0945
48,female,22.8,0,no,8269.044
30,male,28.69,3,yes,20745.9891
19,female,34.7,2,yes,36397.576
19,male,34.8,0,yes,34779.615
21,male,23.21,0,no,1515.3449
51,female,20.6,0,no,9264.797
47,female,36.0,1,no,8556.907
52,male,38.6,2,no,10325.206
44,female,29.81,2,no,8219.2039
35,female,34.8,1,no,5246.047
50,female,27.83,3,no,19749.38338
41,female,28.31,1,no,7153.5539
44,female,38.95,0,yes,42983.4585
37,female,26.4,0,yes,19539.243
54,male,24.035,0,no,10422.91665
19,female,39.615,1,no,2730.10785
18,male,21.47,0,no,1702.4553
18,male,21.565,0,yes,13747.87235
52,female,37.4,0,no,9634.538
50,male,27.455,1,no,9617.66245
30,male,35.53,0,yes,36950.2567
23,male,32.56,0,no,1824.2854
24,male,23.655,0,no,2352.96845
28,male,36.4,1,yes,51194.55914
18,female,39.16,0,no,1633.0444
43,male,26.03,0,no,6837.3687
38,female,28.0,3,no,7151.092
31,female,36.63,2,no,4949.7587
26,female,19.8,1,no,3378.91
18,female,31.35,0,no,1622.1885
28,female,24.32,1,no,23288.9284
49,male,30.9,0,yes,39727.614
63,male,41.325,3,no,15555.18875
45,male,22.895,2,yes,21098.55405
23,male,37.1,3,no,3597.596
60,female,30.5,0,no,12638.195
26,female,40.185,0,no,3201.24515
53,male,31.16,1,no,10461.9794
18,male,30.14,0,no,1131.5066
23,male,17.385,1,no,2775.19215
40,male,41.69,0,no,5438.7491
55,female,33.535,2,no,12269.68865
43,female,30.685,2,no,8310.83915
38,male,38.39,3,yes,41949.2441
25,female,24.3,3,no,4391.652
52,female,33.3,2,no,10806.839
47,male,36.08,1,yes,42211.1382
35,male,36.67,1,yes,39774.2763
62,female,32.68,0,no,13844.7972
25,female,30.3,0,no,2632.992
47,male,25.46,2,no,9225.2564
59,female,26.695,3,no,14382.70905
45,female,36.3,2,no,8527.532
37,female,47.6,2,yes,46113.511
57,male,31.54,0,no,11353.2276
59,female,34.8,2,no,36910.60803
27,female,20.045,3,yes,16420.49455
38,male,27.835,2,no,6455.86265
18,male,21.78,2,no,11884.04858
33,male,33.44,5,no,6653.7886
62,female,30.495,2,no,15019.76005
28,female,26.51,2,no,4340.4409
28,male,35.435,0,no,3268.84665
53,female,22.61,3,yes,24873.3849
42,female,25.3,1,no,7045.499
59,male,31.79,2,no,12928.7911
52,female,38.38,2,no,11396.9002
18,male,33.535,0,yes,34617.84065
51,female,36.385,3,no,11436.73815
63,female,36.85,0,no,13887.9685
40,female,23.37,3,no,8252.2843
31,male,27.645,2,no,5031.26955
29,female,21.85,0,yes,16115.3045
46,female,27.74,0,no,8026.6666
56,male,33.66,4,no,12949.1554
45,male,20.35,3,no,8605.3615
26,female,29.92,1,no,3392.9768
27,male,45.9,2,no,3693.428
18,female,36.85,0,yes,36149.4835
50,male,32.3,1,yes,41919.097
54,female,21.47,3,no,12475.3513
23,female,23.18,2,no,14426.07385
26,female,22.61,0,no,3176.8159
62,male,31.46,1,no,27000.98473
44,female,38.06,0,yes,48885.13561
20,female,21.8,0,yes,20167.33603
21,female,17.4,1,no,2585.269
58,male,38.0,0,no,11365.952
53,female,28.1,3,no,11741.726
36,male,33.82,1,no,5377.4578
32,female,29.59,1,no,4562.8421
51,male,22.42,0,no,9361.3268
47,female,29.545,1,no,8930.93455
45,male,24.31,5,no,9788.8659
56,male,39.6,0,no,10601.412
28,male,37.1,1,no,3277.161
26,male,27.265,3,no,4661.28635
47,male,25.41,1,yes,21978.6769
20,male,29.735,0,no,1769.53165
35,female,34.21,1,no,5245.2269
63,female,26.98,0,yes,28950.4692
46,male,38.17,2,no,8347.1643
52,male,36.7,0,no,9144.565
19,male,28.4,1,no,1842.519
54,male,21.01,2,no,11013.7119
53,female,26.7,2,no,11150.78
46,female,23.655,1,yes,21677.28345
53,male,34.105,0,yes,43254.41795
33,male,35.245,0,no,12404.8791
49,female,23.18,2,no,10156.7832
44,male,31.35,1,yes,39556.4945
52,female,31.73,2,no,11187.6567
19,female,33.11,0,yes,34439.8559
38,male,19.95,1,no,5855.9025
46,male,42.35,3,yes,46151.1245
51,female,40.66,0,no,9875.6804
35,female,43.34,2,no,5846.9176
20,male,40.47,0,no,1984.4533
43,male,25.52,5,no,14478.33015
44,female,36.48,0,no,12797.20962
18,female,20.79,0,no,1607.5101
46,female,34.6,1,yes,41661.602
62,female,29.92,0,no,13457.9608
45,female,27.645,1,no,28340.18885
57,female,34.295,2,no,13224.05705
27,female,23.21,1,no,3561.8889
28,male,33.0,3,no,4449.462
58,female,33.1,0,no,11848.141
48,female,31.13,0,no,8280.6227
27,male,30.5,0,no,2494.022
46,male,40.375,2,no,8733.22925
20,female,24.42,0,yes,26125.67477
45,female,30.9,2,no,8520.026
64,male,33.88,0,yes,46889.2612
18,male,23.085,0,no,1704.70015
58,female,28.215,0,no,12224.35085
41,male,28.405,1,no,6664.68595
39,male,28.3,1,yes,21082.16
21,female,26.4,1,no,2597.779
59,female,23.655,0,yes,25678.77845
24,female,33.99,0,no,2473.3341
31,male,31.065,3,no,5425.02335
18,male,39.14,0,no,12890.05765
52,male,24.32,3,yes,24869.8368
23,female,28.0,0,no,13126.67745
19,male,34.4,0,no,1261.859
53,female,32.3,2,no,29186.48236
22,female,30.4,0,yes,33907.548
48,male,32.3,1,no,8765.249
55,male,32.67,1,no,10807.4863
41,male,32.2,2,no,6875.961
61,male,38.38,0,no,12950.0712
29,female,38.83,3,no,5138.2567
25,female,20.8,1,no,3208.787
46,female,27.72,1,no,8232.6388
31,female,30.495,3,no,6113.23105
62,male,30.02,0,no,13352.0998
29,female,26.03,0,no,3736.4647
56,female,28.785,0,no,11658.37915
40,male,19.8,1,yes,17179.522
51,female,39.5,1,no,9880.068
41,male,30.78,3,yes,39597.4072
18,male,33.77,1,no,1725.5523
22,female,28.82,0,no,2156.7518
62,male,27.55,1,no,13937.6665
48,male,40.15,0,no,7804.1605
29,male,22.515,3,no,5209.57885
35,male,27.74,2,yes,20984.0936
31,male,28.5,5,no,6799.458
64,male,40.48,0,no,13831.1152
34,male,25.27,1,no,4894.7533
50,male,26.6,0,no,8444.474
21,female,34.87,0,no,2020.5523
52,male,41.8,2,yes,47269.854
54,male,25.1,3,yes,25382.297
59,male,28.785,0,no,12129.61415
59,male,25.46,1,no,12913.9924
38,male,31.0,1,no,5488.262
30,male,24.4,3,yes,18259.216
29,female,35.53,0,no,3366.6697
58,female,22.77,0,no,11833.7823
51,male,30.03,1,no,9377.9047
23,male,50.38,1,no,2438.0552
55,female,30.14,2,no,11881.9696
39,female,41.8,0,no,5662.225
48,male,24.42,0,yes,21223.6758
46,male,26.62,1,no,7742.1098
28,female,28.88,1,no,4337.7352
36,female,29.04,4,no,7243.8136
29,female,21.755,1,yes,16657.71745
19,female,28.31,0,yes,17468.9839
19,female,24.51,1,no,2709.1119
26,female,29.64,4,no,24671.66334
58,female,39.05,0,no,11856.4115
47,female,27.645,2,yes,24535.69855
49,female,22.61,1,no,9566.9909
53,male,31.35,0,no,27346.04207
58,female,36.48,0,no,12235.8392
33,male,42.4,5,no,6666.243
18,female,38.665,2,no,3393.35635
40,male,24.97,2,no,6593.5083
42,male,24.605,2,yes,21259.37795
21,female,21.89,2,no,3180.5101
24,male,31.065,0,yes,34254.05335
61,female,44.0,0,no,13063.883
53,female,33.25,0,no,10564.8845
33,female,35.53,0,yes,55135.40209
51,female,25.8,1,no,9861.025
42,female,37.9,0,no,6474.013
33,male,35.75,1,yes,38282.7495
33,male,24.605,2,no,5257.50795
30,male,22.99,2,yes,17361.7661
36,female,29.92,0,no,4889.0368
42,male,37.18,2,no,7162.0122
36,male,34.43,0,yes,37742.5757
29,male,29.735,2,no,18157.876
51,male,24.795,2,yes,23967.38305
18,female,32.12,2,no,2801.2588
63,female,21.66,0,no,14449.8544
45,male,36.48,2,yes,42760.5022
53,female,37.43,1,no,10959.6947
34,female,23.56,0,no,4992.3764
50,female,28.12,3,no,11085.5868
48,female,27.36,1,no,9447.3824
32,female,44.22,0,no,3994.1778
40,female,41.42,1,no,28476.73499
39,male,29.6,4,no,7512.267
55,female,29.7,2,no,11881.358
19,female,21.7,0,yes,13844.506
24,female,39.49,0,no,2480.9791
33,male,35.75,2,no,4889.9995
21,male,36.86,0,no,1917.3184
21,female,21.85,1,yes,15359.1045
35,female,28.025,0,yes,20234.85475
42,male,26.315,1,no,6940.90985
50,male,32.3,2,no,9630.397
53,male,28.6,3,no,11253.421
49,female,23.845,3,yes,24106.91255
35,female,35.86,2,no,5836.5204
43,male,27.8,0,yes,37829.7242
54,female,30.8,3,no,12105.32
28,female,27.5,2,no,20177.67113
22,female,39.805,0,no,2755.02095
24,female,27.72,0,no,2464.6188
37,female,25.555,1,yes,20296.86345
52,female,25.3,2,yes,24667.419
18,male,35.2,1,no,1727.54
58,male,36.955,2,yes,47496.49445
37,male,46.53,3,no,6435.6237
19,male,28.7,0,no,1253.936
48,female,33.33,0,no,8283.6807
55,male,33.88,3,no,11987.1682
40,male,29.9,2,no,6600.361
46,male,39.425,1,no,8342.90875
61,female,28.2,0,no,13041.921
18,female,26.315,0,no,2198.18985
26,male,29.45,0,no,2897.3235
62,male,39.93,0,no,12982.8747
48,male,28.0,1,yes,23568.272
63,male,33.1,0,no,13393.756
38,female,27.6,0,no,5383.536
27,female,21.47,0,no,3353.4703
38,male,19.3,0,yes,15820.699
25,male,33.33,2,yes,36124.5737
42,female,33.155,1,no,7639.41745
38,male,34.7,2,no,6082.405
55,female,26.98,0,no,11082.5772
46,female,33.725,1,no,8823.98575
57,male,40.945,0,no,11566.30055
45,female,30.495,1,yes,39725.51805
48,female,28.88,1,no,9249.4952
38,male,37.05,1,no,6079.6715
51,female,33.915,0,no,9866.30485
25,male,33.66,4,no,4504.6624
30,male,31.57,3,no,4837.5823
35,female,35.815,1,no,5630.45785
50,female,31.6,2,no,10118.424
19,female,24.605,1,no,2709.24395
57,female,28.785,4,no,14394.39815
35,male,28.9,3,no,5926.846
20,male,30.115,5,no,4915.05985
37,female,30.8,2,no,6313.759
57,male,18.335,0,no,11534.87265
21,male,36.85,0,no,1534.3045
47,male,38.94,2,yes,44202.6536
57,female,23.98,1,no,22192.43711
52,male,27.36,0,yes,24393.6224
60,male,31.35,3,yes,46130.5265
38,female,28.93,1,no,5974.3847
53,female,35.9,2,no,11163.568
61,male,33.915,0,no,13143.86485
60,male,28.9,0,no,12146.971
43,female,25.27,1,yes,21771.3423
33,male,22.705,0,no,21984.47061
18,male,43.01,0,no,1149.3959
53,male,36.6,3,no,11264.541
39,female,32.8,0,no,5649.715
20,male,31.13,2,no,2566.4707
52,male,34.1,0,no,9140.951
53,female,22.88,1,yes,23244.7902
24,male,25.8,0,no,1972.95
42,male,31.255,0,no,6358.77645
49,male,28.69,3,no,10264.4421
18,female,33.88,0,no,11482.63485
20,male,22.0,1,no,1964.78
25,female,28.595,0,no,3213.62205
46,male,25.745,3,no,9301.89355
43,male,38.06,2,yes,42560.4304
19,male,25.175,0,no,1632.03625
55,female,35.2,0,yes,44423.803
18,female,24.09,1,no,2201.0971
23,male,23.845,0,no,2395.17155
27,male,29.15,0,yes,18246.4955
21,female,34.6,0,no,2020.177
43,male,30.115,3,no,8410.04685
38,female,34.8,2,no,6571.544
63,female,37.7,0,yes,48824.45
19,female,37.43,0,no,2138.0707
19,female,32.9,0,no,1748.774
43,male,30.1,1,no,6849.026
22,female,34.58,2,no,3925.7582
34,male,25.3,2,yes,18972.495
36,male,41.895,3,yes,43753.33705
54,female,31.24,0,no,10338.9316
39,male,24.51,2,no,6710.1919
28,male,30.875,0,no,3062.50825
61,male,31.57,0,no,12557.6053
32,male,33.63,1,yes,37607.5277
47,male,19.19,1,no,8627.5411
29,male,27.94,0,no,2867.1196
48,female,32.3,2,no,10043.249
54,male,33.63,1,no,10825.2537
49,male,36.85,0,no,8125.7845
29,female,29.59,1,no,3947.4131
41,female,33.06,2,no,7749.1564
29,male,37.29,2,no,4058.1161
62,female,38.095,2,no,15230.32405
50,female,27.075,1,no,10106.13425
39,female,24.225,5,no,8965.79575
31,female,29.26,1,no,4350.5144
43,female,46.2,0,yes,45863.205
57,female,38.0,2,no,12646.207
18,male,33.66,0,no,1136.3994
20,male,35.31,1,no,27724.28875
20,female,31.46,0,no,1877.9294
35,female,38.095,2,no,24915.04626
30,male,37.8,2,yes,39241.442
28,male,38.06,0,no,2689.4954
49,female,21.3,1,no,9182.17
57,female,29.81,0,yes,27533.9129
26,male,32.9,2,yes,36085.219
57,female,30.495,0,no,11840.77505
31,male,36.3,2,yes,38711.0
19,female,32.11,0,no,2130.6759
41,female,28.05,1,no,6770.1925
55,female,40.81,3,no,12485.8009
43,male,32.6,2,no,7441.501
49,male,22.515,0,no,8688.85885
53,male,20.9,0,yes,21195.818
43,female,35.72,2,no,19144.57652
64,female,39.05,3,no,16085.1275
54,male,39.6,1,no,10450.552
28,female,23.845,2,no,4719.73655
18,male,29.37,1,no,1719.4363
60,male,24.32,1,no,13112.6048
28,female,37.62,1,no,3766.8838
28,male,26.98,2,no,4435.0942
22,male,35.6,0,yes,35585.576
23,female,33.4,0,no,10795.93733
47,female,36.63,1,yes,42969.8527
19,male,33.1,0,no,23082.95533
55,male,21.5,1,no,10791.96
18,male,33.33,0,no,1135.9407
55,male,35.245,1,no,11394.06555
18,male,26.18,2,no,2304.0022
35,male,24.42,3,yes,19361.9988
51,male,33.33,3,no,10560.4917
31,female,32.775,2,no,5327.40025
21,male,26.03,0,no,2102.2647
22,male,52.58,1,yes,44501.3982
48,female,35.91,1,no,26392.26029
60,female,28.7,1,no,13224.693
49,female,36.63,3,no,10381.4787
28,male,33.82,0,no,19673.33573
38,female,27.265,1,no,6555.07035
33,female,38.9,3,no,5972.378
21,female,32.68,2,no,26018.95052
32,male,37.18,2,no,4673.3922
51,male,31.635,0,no,9174.13565
47,male,28.215,4,no,10407.08585
40,male,41.23,1,no,6610.1097
59,female,36.52,1,no,28287.89766
61,female,22.04,0,no,13616.3586
55,male,38.28,0,no,10226.2842
46,female,28.05,1,no,8233.0975
41,male,40.26,0,no,5709.1644
44,male,21.85,3,no,8891.1395
51,female,21.56,1,no,9855.1314
44,female,27.645,0,no,7421.19455
35,male,30.5,1,no,4751.07
64,female,26.885,0,yes,29330.98315
39,female,31.92,2,no,7209.4918
24,female,33.345,0,no,2855.43755
51,female,37.05,3,yes,46255.1125
54,female,27.645,1,no,11305.93455
33,female,33.5,0,yes,37079.372
35,female,27.7,3,no,6414.178
38,female,40.15,0,no,5400.9805
46,male,30.495,3,yes,40720.55105
19,male,24.6,1,no,1837.237
36,male,28.595,3,no,6548.19505
20,female,28.975,0,no,2257.47525
19,female,30.02,0,yes,33307.5508
62,female,36.86,1,no,31620.00106
22,male,34.8,3,no,3443.064
39,male,21.85,1,no,6117.4945
58,female,31.825,2,no,13607.36875
22,male,37.07,2,yes,37484.4493
39,female,26.315,2,no,7201.70085
45,male,23.56,2,no,8603.8234
49,female,27.17,0,no,8601.3293
60,male,24.32,0,no,12523.6048
19,male,25.555,1,no,2221.56445
27,female,25.175,0,no,3558.62025
52,female,37.525,2,no,33471.97189
18,female,40.185,0,no,2217.46915
62,male,37.4,0,no,12979.358
37,male,29.83,2,no,6406.4107
40,female,25.46,1,no,7077.1894
18,male,38.17,0,yes,36307.7983
20,male,30.685,0,yes,33475.81715
32,female,23.65,1,no,17626.23951
46,female,30.2,2,no,8825.086
47,female,32.0,1,no,8551.347
55,female,32.395,1,no,11879.10405
46,male,33.345,1,no,8334.45755